{
  "base.git": 0.9901881217956543,
  "ext_2G4_device_burst_interferer.git": 0.856065034866333,
  "ext_2G4_channel_multiatt.git": 0.8827610015869141,
  "ext_2G4_channel_NtNcable.git": 0.8968870639801025,
  "ext_2G4_device_playbackv2.git": 0.889789342880249,
  "ext_2G4_device_playback.git": 0.9245250225067139,
  "ext_2G4_libPhyComv1.git": 0.9889469146728516,
  "ext_2G4_device_WLAN_actmod.git": 0.992933988571167,
  "ext_2G4_channel_Indoorv1.git": 1.2515265941619873,
  "ext_2G4_modem_magic.git": 0.8874132633209229,
  "ext_2G4_modem_BLE_simple.git": 0.9405677318572998,
  "ext_2G4_phy_v1.git": 0.9907245635986328,
  "ext_libCryptov1.git": 1.24351167678833
}